ClaimID,PolicyID,ClaimAmount,Claim Date,Result Date,Status,Result,EvaluatorID,OfficeID,SettlementAmount
74066a86-6eaf-4dff-94dd-d6d817199b0c,353945f3-de54-4fce-9126-7f879a76b5c1,2360839,1996-01-07,1996-05-04,resolved,1,3c28aceb-b5fc-44c1-98cd-94036a933222,b301a0ea-8141-47e7-abc0-babc37c040af,2360839.0
c31c6512-1b7a-4e7c-a119-dc4a5d9f14d3,2b6ab953-4fbf-4908-bfee-70e77c8abc5e,639253,1997-07-01,1997-10-10,resolved,1,a6931bfb-c38b-4a62-b3f4-8389dd2480b0,d5d99929-2bc4-4c2f-96a4-515dd151d495,395589.0
7bf6ea6b-01ad-4f1f-9235-0cc13556f812,3fec4d1e-403d-4b5f-b3bc-ad21cfdfac5a,481277,1990-11-03,1991-01-11,resolved,0,38db3024-b41f-40ec-8b63-48dba70f4c3c,1f519073-7639-4665-89aa-89f2270cfbbb,
a9e2c1fa-ea0e-415d-9c7a-1511ddf366f9,41eee16f-d141-4c3c-83a7-3dde2793eb59,463807,1985-09-19,1985-11-30,resolved,0,298fe465-1686-4fca-9ff7-c32694ec5509,f3a971b0-bbac-43de-9318-533c9785dc29,
601a2dec-549d-40eb-a322-180e5101ffd0,06811224-2a1a-426e-87c1-ad6cbd1dfa7b,587952,1985-02-12,1985-03-26,resolved,0,1e92810f-aa19-4891-9784-0d30fee9188c,c1ec8269-b224-43eb-b487-72019e36c582,
282d018b-120a-4772-8468-a6b5e4a6541b,36995ff0-114a-4c41-9388-ecd5d7da6e96,207355,1989-01-11,1989-01-24,resolved,1,b9f54b7c-8ffd-4055-8529-9300ff18588c,d6cdbd0f-d04c-4b1a-992f-4c4877260cc9,207355.0
18644b59-f96f-4315-bd84-81e3b3ac4a4a,d2163dee-3560-472d-b434-0e8a2417152c,449682,1998-11-03,1999-01-06,resolved,1,5b8e3dc3-46f7-48c2-8fb5-25c801b3aea5,af6b89ea-8fbd-418a-9835-14d90f088dfb,255362.0
313e7f7e-36d0-4fac-bd19-3c9cfa4aa232,11b86739-6ddb-43ed-b5a8-d560239502f4,285112,1983-05-26,1983-06-08,resolved,0,3f20c3b2-52a9-4c9a-94ac-6d31683b0335,4bc053a9-d896-49da-9862-054102e933ec,
ffb7b978-c95a-4008-9309-a5d831deda77,e40d75f3-ed5b-4b26-beac-d8ef993a73f5,1772691,1989-06-15,1989-08-02,resolved,0,fba5a5a1-30fc-4efe-8703-65ab5f57c723,93cc82a6-92e9-41b5-98cf-4e04594e0bff,
7e89d926-5fe9-48c3-8ae6-4c6ebdf7ae6d,a2471e60-2f0c-4ae4-8bc8-dcff71d68643,288248,1982-10-16,1982-12-04,resolved,0,55fce195-a4ed-4945-89ee-f929d7d305e3,3f33db6e-cc64-46aa-a7c4-332df2dd131b,
c5345289-2bbc-4845-85f7-acf5b800903a,8b78dab7-afc7-4daf-afc2-e8482d6a2122,458994,1988-01-25,1988-05-24,resolved,1,b94078a9-bef6-4f46-804f-7bbdc772e4db,a41840b4-c29b-4b6d-b681-6eb6eb6a3bf7,329897.0
ee6f3e36-2f3d-4bde-9269-1fe20e470f95,a7d56a94-e124-4d40-8970-109b900c2cea,362540,1994-02-19,1994-06-16,resolved,1,57195f60-acfe-4112-a591-65fb95be83ef,fbe97ed7-36a8-47c9-ad1f-0c4de7afe0e8,362540.0
ad736da0-c9f9-4048-b374-a3f5362925fc,115319bb-4562-40c9-8308-8f2bd18fdbed,93557,1980-07-26,1980-08-09,resolved,0,a8e264e1-62f5-4289-a981-c74f766a8b44,3b4f7bbb-c55b-4525-8598-b227fc25b50f,
c8f4ecc8-46ed-40e4-90d2-496eced686fc,1ba3ccc6-0e9f-45ab-9701-25c4d55a1d9d,473655,1985-12-17,1986-02-19,resolved,1,d30377e7-118a-46b3-8c13-8e0a2fc8a5de,c0383f81-c920-4eac-a9a0-b5a2e8a2ebe9,305315.0
e63be765-c40b-40a1-bfad-23a931ead285,3bc92494-06e8-4a94-8d6c-3d1b5a2477f5,341359,1998-11-28,1999-02-04,resolved,0,c69fd15b-1eab-4a15-b217-39b22370c31c,7f1e5b75-1e6d-4587-b42c-02622878fc79,
db129473-1c70-4044-8eca-e6ef910b0822,490b0556-6c85-47ae-add0-829ad56b0ecf,299854,1980-04-05,1980-06-29,resolved,0,54e8ee35-14df-4499-a3bd-848110edbced,15c7879e-a68b-4ab8-a7ca-6162201bb22d,
0fe13003-8587-4fa7-85a7-ff3673a3ef29,38e47e49-1e31-4c6b-94be-6338f6a2f6d7,436271,1994-03-09,1994-06-02,resolved,0,bdfe8a76-ba0a-43c6-821e-ed58ce826d7a,93cc82a6-92e9-41b5-98cf-4e04594e0bff,
6ebdf3a8-c6d4-4734-beec-bf208f42f35a,92c02579-432c-4190-aab9-b030398c2be0,270719,1997-10-18,1998-02-09,resolved,0,714edc46-9b09-4343-92c2-988ee3551685,66e9a6e6-4b5d-44d9-9713-e11523484a33,
24524bc8-01e6-4e2a-abea-b23dd48c4ff3,09047721-0642-4955-9c6f-1ab7ed3264fc,975745,1997-02-26,1997-04-30,resolved,1,d400801e-9f8b-4d90-9458-c92f96f32601,fe27e256-19c6-40c2-b166-397a2f26a6bb,975745.0
08d49a6f-3484-422e-9747-881d647ecb35,2596587a-b88b-4a7d-bc93-8e5dbbac148e,1602765,1998-09-09,1998-12-11,resolved,1,38382cf9-c023-4d58-8648-7ec9a3b32e46,4485f07e-2b69-487e-bef8-0695c8896a95,1602765.0
eec80087-b0e0-463d-8ced-f0e463fffe7a,5a9e9e2b-7b5b-4316-8a35-d8fa5a351c03,1301559,1988-03-01,1988-03-20,resolved,1,98c986bc-ade6-44bc-a577-3ebfc1501d7a,b3d2e33e-07d6-4eba-8efd-f8d275996a65,1301559.0
a6674d6c-3c92-49db-82aa-008351b506c6,c01fa579-71f3-4859-b7ab-02cfc5e3e590,77141,1996-05-26,1996-09-10,resolved,0,0c217f0e-62df-4770-965d-ca538367425d,56d9c0b8-32bc-4614-a480-945f1d7e7ca3,
1d4ab3ba-f21a-463e-bc2b-4602bcd9ee2f,bf85dfba-1614-4e5a-84b7-2314539171a2,276702,1992-06-25,1992-09-18,resolved,1,d3bf158d-7a2c-4c62-8b8c-ebda56ab3017,19e1139f-85f2-45ea-b3bd-f858e60356ad,276702.0
2bef076f-7bf8-443e-9e03-247fb6b11fa7,4bccdae7-3ab0-46eb-a869-ddf5ccfe0da2,496670,1997-05-21,1997-07-12,resolved,0,5ff2cec9-b48c-4091-809b-79ea5318c61d,dd177299-5ec4-4609-ba8e-606053619ac2,
9520601d-1786-4472-8c01-a7ce4d4d47c1,b74bd4b3-3836-424b-879a-d5a3e4f689d0,100755,1995-12-24,1996-04-16,resolved,0,43036356-8168-4622-b52b-52805f4a4903,138bd468-b1e1-4e6a-8eb5-8907df0006f8,
cace1722-57af-4099-890c-b8b7e4b40698,07b41701-119e-4db7-9e6d-4f3457647aff,258245,1996-03-02,1996-04-30,resolved,1,ad4cbc58-29ff-4864-84b7-fe0e6a7bc734,29c0bd73-02de-41b4-8872-59455dafddcf,258245.0
4fcfa207-e779-47a2-9f78-ae8f2a91c739,2d8ef410-dd59-43a0-a850-681cfd9d9562,1349566,1983-06-10,1983-09-11,resolved,0,13c83287-581c-4111-8d54-365d53a02091,5258c6f2-1400-418e-82c4-3d9cee0a161d,
0689c661-0ffb-44ca-a8cc-78ab5de43867,6866b512-b563-441b-8c27-d09675065cb7,2600207,1997-01-03,1997-03-09,resolved,1,90346f5d-908b-4494-904f-bf94e593ac05,b7abf06a-f6d6-414b-8919-f024cbfbbe16,1738164.0
0b3c4d1a-127a-460c-a551-30873e9873a4,7609c7f1-3d43-4c0b-8546-23711a424755,1109203,1981-05-22,1981-06-14,resolved,1,df4d8459-481d-4b02-a2f1-0b235bf6bc38,1e26a365-cb87-4476-a73e-9a443a6f33f2,1109203.0
44909304-9215-40e2-8284-f0cb6f42e3bd,a25792ca-1648-49e8-b07e-01b477e6254a,321756,1987-02-01,1987-03-09,resolved,1,ba0b69cf-dc79-40d4-839c-a260fbabb535,db09daf4-7cd9-43e2-a780-0d1d90bdeb53,187838.0
6696c36d-a75e-4395-8a66-8cec2f740b01,f1904995-8072-45c7-a26e-b6f478324544,3913418,1991-06-16,1991-07-19,resolved,0,3ba33ef7-5191-4fdf-827a-1767dd90cb6e,7fba53aa-1df2-46ec-9958-cf9cd030929a,
6d855104-0c0b-404e-aa7b-19379dcc8086,0ba06825-6292-42e3-a105-6bc83b7b4b89,318072,1980-11-22,1981-02-02,resolved,0,e1f0dbde-2ecd-4534-b367-5bc68ece8b94,93cc82a6-92e9-41b5-98cf-4e04594e0bff,
6b392e53-7bd7-42b8-9773-53ee6e795ade,4ace581b-f511-45c6-9136-80492b2ed3f9,2350795,1995-10-19,1995-11-05,resolved,1,0e0e564e-bde0-4ad9-b822-2c671d9a0659,0dc84131-bcb1-4f25-8cc6-4395c75328f2,2350795.0
a1b4fc13-e936-4116-bed1-26bc7236d00d,85ef3cac-93b7-410c-8c5f-9d3a72944e6f,233947,1994-07-21,1994-09-26,resolved,1,bc1e6be9-7caf-4b2f-829f-0bc064e5c088,f8305a56-6d15-47db-873e-337d37018cf6,233947.0
6adca5f0-8f17-4d7f-9861-27f66a52a4a0,8c678c59-456a-4230-81ed-ff43fbfc6d70,2384897,1985-11-27,1986-03-19,resolved,0,ba00b730-9243-456a-87b3-520306beeefa,dab7ec59-0375-4672-8519-7d9c8cd491ab,
b3a004b4-b384-4ecd-91cb-aa75deb9667f,156536f3-4d2f-443e-b4f2-f7d23313e96b,2790525,1984-03-25,1984-04-23,resolved,1,f68a6817-3dc4-47eb-bbc5-0c21eaf94dd2,1f7c37ae-8f75-4c91-9975-000bab99aec3,2364284.0
3f58f9bb-b894-46ef-a487-b926d4527afa,4dd4cfaf-2099-40b2-b6e7-de3d987462ce,1550660,1991-09-24,1991-12-27,resolved,1,045ae1fb-0f72-4056-a91d-f4989b979d89,138bd468-b1e1-4e6a-8eb5-8907df0006f8,1550660.0
2bd836b6-7bfa-488f-86e1-23e770e40327,b634968b-1db4-47a0-ae29-7bd16a80dd29,415409,1996-12-31,1997-03-31,resolved,1,473a0577-a367-4f8f-ab4b-19d8c907823d,f0aa0513-4c33-4010-a956-70bf4152a8fe,307096.0
055652be-9fcb-44c1-957c-3d80b28d2b26,38310502-de8c-41c6-9325-434e96c131bc,2641608,1989-10-10,1990-01-29,resolved,1,04135056-517a-47c4-bd1c-4aaf421a741b,1fd87c9c-5355-4af5-8e16-55e530862d25,2641608.0
dbdf8093-a345-4af2-a535-b2a7885aaf4e,dfc8eb4c-5bc8-4c9e-916a-ab9fef828adb,593933,1991-07-11,1991-08-05,resolved,0,f1b66e1f-f922-43ad-b47a-6b2eaa5f9f30,8f32547b-26c3-4ad4-ba26-5a832250dd7f,
0057f68d-e1e4-47bf-8c19-c168e8370fa9,d36c313a-196f-4dd8-8ee4-1194e19fd904,535858,1992-12-29,1993-04-27,resolved,0,44a83a9c-1735-4aa8-9261-40e901d81276,6e54cc8e-2137-448e-a0e2-4417ab21d5e9,
5ac679dc-32ed-455a-9029-404d28ce21eb,d703f48f-d272-4ac1-bfec-602fe65f9684,280892,1997-12-27,1998-04-08,resolved,0,9de66644-8d66-4142-be1b-cb0efd6e66d6,0d1ff438-02b8-40f7-8e4e-d7b87ccf832e,
8cf1ef13-737b-41f2-a427-fb9285c81a0f,25fb53e6-9639-409a-8a69-6aef16c94dd4,407345,1981-01-17,1981-05-11,resolved,0,48af6a15-dd6d-41ed-9982-eb2b6b80c5c5,484e7e24-81bb-4334-86ab-f5f0dfd19390,
df18d332-7dc4-45b7-a9fa-5548e697248d,b00991d1-1bd9-4356-bd8c-08b0cdce10e5,272563,1989-06-16,1989-06-27,resolved,1,b0551c70-b355-4052-a693-4d255da7a343,8ee13143-ddbd-442b-9e0c-3d4510adcc8e,197160.0
bd55683a-bedc-44f4-a9b1-56930e6ab965,3b166369-15b1-45b8-a9ed-ee6a2bcbb40b,109555,1985-08-24,1985-09-30,resolved,0,966d82a2-60c3-4eca-9c7d-7cb149937e78,d423ce56-5134-41ee-9bd5-ac2ed82d7272,
6db9b98e-be59-4b75-af5d-3842f7c2d9cf,aee15d4f-a296-4631-acf6-71549be1b2da,597917,1984-06-19,1984-09-23,resolved,0,9628f1ad-62c9-4ce1-8cce-0f3536f4873c,8f32547b-26c3-4ad4-ba26-5a832250dd7f,
87bdd04b-ab37-4bc5-af38-04dd91c5a10e,98cd2da2-d899-48ad-a8d0-8e5adcd8e37d,679567,1991-01-11,1991-01-26,resolved,1,3b3ca128-5d29-41b7-a2c2-35655cc9b51c,93cc82a6-92e9-41b5-98cf-4e04594e0bff,379234.0
0d129bb7-4ce0-4313-83f6-6f3f13d3dabb,b4855a50-8165-40d0-a241-5291fc424539,181399,1984-11-27,1984-12-24,resolved,0,05b06ab4-45f5-4b4a-ada2-8e9be4f67552,c2ec56d2-1ab3-4728-8f11-f5587e6229cb,
e97fac3c-4cc8-4363-b844-c9c67b20a728,8fe3e624-2c5d-49c0-b78e-06697afb47fd,946823,1985-02-23,1985-05-21,resolved,0,c7a418c5-6c1b-4937-9782-762c4e315318,fe27e256-19c6-40c2-b166-397a2f26a6bb,
61b08316-b815-486d-a525-1c8f02793fae,05b3ecde-998d-4463-b76b-c24eb1331be6,396683,1983-10-03,1983-11-14,resolved,0,5efb418d-c0ad-410b-9fef-03925670299b,f0aa0513-4c33-4010-a956-70bf4152a8fe,
80ede401-3605-40ce-8e18-2df19d4457d8,6e3d6359-8dda-4835-9328-489f02fb4e29,213607,1992-11-11,1993-01-14,resolved,1,60efbf8f-56a2-4ab2-b8b3-02f1340a60fa,93cc82a6-92e9-41b5-98cf-4e04594e0bff,213607.0
7bd8c201-7189-4d3f-8939-606cd1b6afd7,6fcf014b-d3ce-4f01-95b4-31fb37cf1e46,331614,1992-06-24,1992-09-28,resolved,1,4ceaf3cd-78e5-4596-8bcb-f4042c67c18d,b3d2e33e-07d6-4eba-8efd-f8d275996a65,321973.0
2ebf350b-a0f4-4478-b144-bfdb5dbb5a0e,0186cc0f-fabe-45ee-829e-d14de23db18f,1635395,1997-02-17,1997-04-29,resolved,1,d5a57155-435e-4f23-8fff-833366b39b63,9649ca16-447b-4ec3-998c-dbbe79d58477,1398786.0
2ac891ff-fc2a-49ec-b70c-bad014523ef8,ca903890-62bf-4140-8c28-c0b669e9a036,376582,1999-12-13,,received,,650e2ac9-5bda-44da-af71-5431daa579ae,27641e0c-a9d6-4d08-9068-47d6d3bb5552,
96c6097a-8188-4b0e-b12d-1b51c3ea6ff2,d61ad32c-f7b9-4d4f-98fe-6cdbad26d8e3,3059621,1995-05-06,1995-06-26,resolved,0,5c2402f5-2974-4392-8792-a4f57dd10e33,5258c6f2-1400-418e-82c4-3d9cee0a161d,
2d25e641-9a34-4b35-9445-9ff5a7ddcfb3,309ebaa5-9652-4e08-b06f-ea1e1a96ec07,222248,1982-01-18,1982-03-06,resolved,0,6cdd7e19-4481-4a63-adac-af165821fdf4,853f0cf0-586e-476a-89ef-2905fdcba936,
661657da-4d2f-4a73-a9a0-15c2eb6893f2,ef92d4c1-eab9-404f-8230-dc81ec0831d7,182610,1999-02-05,1999-05-06,resolved,1,9f86c083-f911-41ac-8ae9-8b208f136c32,3f33db6e-cc64-46aa-a7c4-332df2dd131b,182610.0
2608d746-5f6f-41e0-97d3-9509e2d8d01d,6dddcf31-c784-4c84-9c60-fbcc9802b969,1897382,1998-03-18,1998-06-15,resolved,1,438853d6-efed-4c6d-b020-bd2ca98d2d3c,37fda13a-9587-4fad-82bb-e29f7960c2be,1047960.0
50bc2cfd-9855-4e4c-8429-6405524465e9,57a8ac5f-1324-45bc-8ba8-b6c091a77791,741624,1998-09-26,1998-10-20,resolved,0,660acc62-62bc-4552-8015-7f03732ccf05,84d1f20b-6053-4b1a-b8f8-8cc19ad56928,
3b7a1877-b02b-4838-b87b-840426016a5d,b82f338a-4d38-4505-bac3-6cbcbf31c235,169669,1996-02-26,1996-05-18,resolved,0,d20f984b-e53a-469f-96d3-0ded213eb289,7ee86a34-5f06-4dbb-b1a5-d79d34b14593,
2a1618c6-0fbb-437f-86dd-35d8e79a9955,bf44e9b2-3cb0-4cb3-9af9-dd00feba0525,247527,1996-01-25,1996-05-09,resolved,1,1565e1f5-728e-459d-b44d-38d8be3ee715,aa7363dd-7101-4602-a41e-6ce0ade56730,219310.0
3c4ea74c-711f-46ce-b8e8-42012fa12835,003bb406-e74d-4b6a-8d14-b7180e5be391,535796,1986-05-01,1986-05-30,resolved,1,7fbbf145-d187-468f-85af-c9bc4bc308bc,1f519073-7639-4665-89aa-89f2270cfbbb,422994.0
f42a430a-dc48-416c-b5bb-3897d46d973d,393435fc-77cb-4330-8fad-a5c8aff0dd1b,726076,1986-10-06,1986-10-26,resolved,0,4af6fc78-ce9d-4e46-8c98-681708ae9ea8,aa7363dd-7101-4602-a41e-6ce0ade56730,
6847353c-50b3-4a26-99e5-de02b1c98dd4,7f8372ac-9b8f-497c-9b98-5030db63115a,3155079,1988-02-17,1988-03-08,resolved,1,01df577d-a11b-474d-a5ac-ea16fa30067d,5e7b3d97-b49f-4b4c-8baf-db7ddfdc9181,3028457.0
aa6928a5-05a0-4b77-ab06-e0be37208c8f,f43b6056-3926-4a8b-965e-302f607d74b1,540391,1998-02-14,1998-03-27,resolved,0,78a703d4-a1f0-4b05-9a52-166337429ce8,b7abf06a-f6d6-414b-8919-f024cbfbbe16,
c5530a76-d0d4-4411-92da-1cae8f7b6212,490f7a89-4f2e-4149-b512-b9d9f1935df1,890209,1992-02-13,1992-04-20,resolved,1,ce273f71-f121-406d-a9e3-399454cea7a1,200a0906-18ba-4139-b0e1-3679c98a78ce,890209.0
70da3554-df37-44a2-ae40-1b5075f66d62,9452522c-1d3b-4905-9503-9a7e1f33b234,218124,1997-08-16,1997-10-07,resolved,1,289402b4-6700-4156-84aa-0d76931ff867,3cb8fbf2-5b33-4273-a8c6-e4afedfcff63,207923.0
7622353a-f733-4d0e-9196-441964d242bc,c10bf622-b713-4198-b264-1582eebb4d6a,432395,1996-07-05,1996-08-02,resolved,0,772b6ab3-486c-405e-9ffd-e867200dbd5e,f0aa0513-4c33-4010-a956-70bf4152a8fe,
96c96cf2-6072-4a11-aa90-6520b97ed722,c9458bd8-2ab3-4df0-9fd0-c23efa6a36b0,390058,1996-10-28,1996-11-13,resolved,1,42d9d0ae-4963-4ef6-843d-b060b69eeef8,5e7b3d97-b49f-4b4c-8baf-db7ddfdc9181,232883.0
783831e2-0184-4607-81e6-6938a6b04c31,78c2c6f2-d3c2-4e14-8e8a-b5d1ed612e6f,128715,1990-04-07,1990-05-11,resolved,0,cb57cf82-4900-4870-92b4-58bf0e933e38,29c0bd73-02de-41b4-8872-59455dafddcf,
40c0fed0-7210-4feb-8af5-1977c072ab6d,5542d022-27cd-4596-88ea-7d4b248e76d7,521036,1996-11-26,1996-12-17,resolved,1,6d9b0037-b99d-4a45-b998-3af60f927f39,b7abf06a-f6d6-414b-8919-f024cbfbbe16,445561.0
185bc5e8-aff1-4886-a7b7-cfd56c032d0a,da484487-a278-49df-af55-46bf78e6c302,312111,1997-09-29,1997-11-08,resolved,0,b869ba79-cff8-43c6-b434-bef6c8238759,19e1139f-85f2-45ea-b3bd-f858e60356ad,
d1aa66aa-7d02-492b-9d54-632639b0e6dd,5333baae-3a4f-4bec-861a-9fc17dd0fc5c,244151,1997-08-07,1997-10-14,resolved,1,e61d898e-66c6-46c7-89a3-00fe0eeb6e37,003acd9c-a079-47c6-9821-2e1b369ea624,244151.0
be721563-7dc6-4c70-8cf3-562ba54eb2e3,80b7cd03-6b96-448e-9f49-fb7c99693f8c,380669,1999-12-03,,received,,dc2c2641-7a38-4c78-9a56-d1f06c5aba74,864f4dd8-9309-4ef5-ab13-9e169c037b89,
a30d0460-5033-49f2-ad99-f13ab6ad88bc,17fa7b3b-fda9-4f6f-bd21-580872342590,1202826,1998-08-10,1998-10-15,resolved,1,e60c2a0a-0a11-4ac7-9a83-4dad8fdd45b3,0dc84131-bcb1-4f25-8cc6-4395c75328f2,688257.0
9c1a18cd-b504-444b-abdc-5671681df76a,fbee7917-f897-4044-b50c-d705c4d73961,1107136,1989-01-14,1989-03-28,resolved,0,f3ee585a-940a-4675-b640-b89643e0685e,4ad67f42-5e57-45ed-9d54-9dca65a66256,
04fbe762-91da-41d7-aa88-4d080bab8a18,57814599-e72f-4b26-9df0-baf0c1c34235,3234525,1996-03-02,1996-06-07,resolved,1,13963641-046f-4afa-a725-d561d3d54600,0cae7499-1ec2-408d-a81e-7510023798b5,1642655.0
67621bee-ecfc-47cb-b0b1-26e8895f981a,582e48fa-6028-4fb1-aea7-92745f8b92a1,211841,1989-01-03,1989-04-29,resolved,1,9c501c46-8410-4709-91f7-b0f9fcaf1d8c,d7c9986a-d50b-4524-a7d3-0f27622b196e,211841.0
ea5749a5-0fab-423b-bc60-ecf2a85fe4f6,1a899e79-2b02-49e7-bfe1-320625c9929c,572387,1990-02-05,1990-05-25,resolved,0,74f882f8-9524-419e-988d-344bd8a05ae2,40f3da6f-c765-4943-a44a-ed9c5246bf00,
cdaf2d44-5b52-464a-b68e-233c21d1b7b5,880260a1-9e3e-41c4-99eb-6789db57233f,461610,1997-02-07,1997-03-28,resolved,1,7e7b925b-a526-4312-855a-3f9483ae68cd,19e1139f-85f2-45ea-b3bd-f858e60356ad,357525.0
97b9ae38-0144-4213-99a7-593301e7fb31,1e0ab3a7-fda9-4b0b-b054-6cf367545303,469391,1993-12-09,1994-01-26,resolved,0,659ee2be-604e-4aac-a6bc-302afa24d607,dd177299-5ec4-4609-ba8e-606053619ac2,
f00336e2-a806-4ab3-8721-628aa0eecf0a,34d3df80-916a-41b1-99c9-dcdf31def13d,3048409,1996-08-05,1996-10-04,resolved,0,beae5ef4-6cb4-4d1a-a24e-bb0849141197,19e1139f-85f2-45ea-b3bd-f858e60356ad,
23d72a1b-4351-4bb9-86d4-14fb30438e86,554c1f74-aacb-4af1-a3e3-fd5ccbaf4d4b,189394,1986-07-01,1986-08-03,resolved,1,9e9f7170-33f0-4699-8230-26ead1e0c989,a2146aed-bf3b-4c9e-8373-eed2cdb03c9e,179410.0
ee06f2ab-1fe1-4e58-98b9-fe1c41723c3c,d5fb3151-c27a-4d25-aed2-3a19d55d52cd,275052,1993-05-19,1993-05-30,resolved,0,83302fc0-0675-4767-9b0b-6f0e9229adf2,fe0b94d8-df83-4ef7-a1de-2d2faf5e4e55,
d6587cdf-6a84-46e1-903f-c26ecfdf6dbc,5c0bd8a6-c136-4944-ae63-3efa1054a230,1881955,1984-02-05,1984-05-13,resolved,0,d6a53fcd-ec97-4ec3-8fdc-9d589ae59294,1f7c37ae-8f75-4c91-9975-000bab99aec3,
0fac03b3-79a2-4446-b89f-20598e6fd8a5,ae05ce6a-610a-414c-a4f1-104219198bcb,2640407,1997-07-26,1997-08-15,resolved,0,2a63cb1a-43a4-48e2-9ccc-038060eb751e,a626edc7-407f-4686-b907-8fefb33b0e75,
08cb4a40-c509-4590-9669-303398d8e048,0cdad799-efd6-4095-b02a-49480ecf60c9,1987530,1998-11-26,1999-01-28,resolved,0,519528ba-8e87-4f14-92c5-4eb2a9f735e5,1fd87c9c-5355-4af5-8e16-55e530862d25,
f8d2ed1a-d598-40bc-9e74-65a2ef8a4869,97d915e0-c683-42da-adcb-b6226e87af49,372994,1984-01-22,1984-04-07,resolved,0,a0f380c4-5e7e-4377-9454-c825ab8bf0f4,1e26a365-cb87-4476-a73e-9a443a6f33f2,
03b0873f-54fa-4ffb-a7b5-d408444484ab,53767012-9f7b-4494-92ba-f147501e47cd,464321,1997-03-03,1997-06-10,resolved,1,0d98c9b2-ba85-4619-8399-6fdc3e8bb3e4,f8305a56-6d15-47db-873e-337d37018cf6,464321.0
058f2b6f-7b19-4d09-877e-788b29fd21af,6ef1abca-0324-4921-93c6-28796d39b732,755513,1998-09-30,1998-11-02,resolved,1,4e45d0d0-da88-4987-80ca-3e49ce2c1ea4,0dc84131-bcb1-4f25-8cc6-4395c75328f2,709065.0
2142d04f-0232-41f1-b968-b6c1398aa732,4bda8c28-6c51-48e5-81d6-e1ac61dc219e,252956,1995-12-07,1996-02-29,resolved,1,48ec8c2d-9bde-487e-9ea6-db7af3d179db,8f32547b-26c3-4ad4-ba26-5a832250dd7f,252956.0
a02a30ba-63f8-4347-972e-c610dd32f9f8,d2a5a30c-fbdb-4192-914f-992a24f52ae1,239897,1985-12-29,1986-01-13,resolved,0,00ac8ff2-bd0b-41e8-ace8-10cd7e12fd24,0dc84131-bcb1-4f25-8cc6-4395c75328f2,
67ab22ef-f864-4a41-b3ab-f7712b6b8dee,412db1c4-447e-43f3-8d91-b886fdf32b6e,463002,1990-08-19,1990-11-25,resolved,0,b6cdf138-fe12-49db-a472-061f1eda3f64,b301a0ea-8141-47e7-abc0-babc37c040af,
69a93848-7965-4226-bfd8-07ee36b08d8d,dfc1a942-813a-44b2-b46c-479ba1efc1b4,535951,1997-01-21,1997-02-05,resolved,1,d909b474-f2a9-4ce9-b4c2-ddc1588515ca,55abd4cb-fe6d-4e61-b100-b3a5a414185d,311067.0
e457c617-b47c-423e-ba60-a8b3116bb3d8,ce8a44fc-d5dd-42a8-b949-c16332531f4a,1576289,1999-11-01,,received,,1adca108-a349-4b51-8bed-edc6f501ff00,9649ca16-447b-4ec3-998c-dbbe79d58477,
8636c2eb-de47-4ba0-9206-c9dd070c90f8,b93d5d3d-7524-4c3a-9f6a-360e3f5b1a51,207437,1999-11-02,,received,,8361c05a-a1e0-4561-b4cb-428be0af322f,3f33db6e-cc64-46aa-a7c4-332df2dd131b,
2603a6e6-3f51-4df0-95a7-b0c5a0842ab0,381e3e71-eb32-478f-98b5-0a865bc14087,611025,1984-09-26,1984-11-20,resolved,0,e90b28a4-6646-40de-86ac-391d0bcd4d8d,3b1a7b7d-5011-4ff2-bfc6-df6cbc1bcc1e,
1a167881-44f4-483f-8301-d23e07940a02,8bc0d257-26c6-431d-a314-7f2dc1245808,2196001,1999-07-06,1999-10-19,resolved,1,1d1fc78d-61e4-4f9c-a6f8-3a87b7e5ff6d,c2ec56d2-1ab3-4728-8f11-f5587e6229cb,1683112.0
493a72a9-f850-4841-8cd7-66cbacfcad9b,891bce7d-7df1-410a-80dc-f3c58d2c2bc4,3973960,1993-04-14,1993-06-01,resolved,0,32e560b5-8cec-47e7-88e5-a83df59da27b,67d825a1-93b2-497d-b67b-fa3730672f5c,
6f8ec8ae-aa9c-4535-9398-5224e95d43ec,0844d45d-e363-4586-9753-6c015f1ec479,337723,1996-02-06,1996-03-19,resolved,0,95d47171-0bf8-4cbd-a105-77c0d3e8827b,37fda13a-9587-4fad-82bb-e29f7960c2be,
24687607-a469-4d8d-a76a-a967afcda461,88873ceb-08ca-4609-973e-c2ad73522ad4,172568,1986-02-28,1986-06-08,resolved,0,43df1e0b-8f90-435a-ac4b-3b220d8b73e8,66e9a6e6-4b5d-44d9-9713-e11523484a33,
bb04eec3-c689-48ef-a0a3-9015e0cf08ba,db17691c-98eb-452c-8995-1d9eae707271,851245,1993-01-01,1993-04-12,resolved,0,a2a68006-9745-4c14-89c8-5555e0d56ea6,aa7363dd-7101-4602-a41e-6ce0ade56730,
704bd8e3-e06b-4025-997c-0b09a76600bc,cf5d8c90-8388-4bca-bb41-f67afeeaac8b,793259,1990-06-29,1990-10-02,resolved,0,bc535e1a-9f52-4116-8bcc-24373380a4e7,6932a68e-7012-4451-af19-132bfdae91d4,
862274c9-e64a-45e1-be22-c931960be199,3f768462-f09b-4223-a021-f064ab24b77c,604717,1986-11-01,1987-01-02,resolved,0,bf96dc32-40c8-452c-96cf-aa279ce7fe43,55abd4cb-fe6d-4e61-b100-b3a5a414185d,
950be823-4c76-491c-afa1-ce78e0ab0fea,b3a7a2fe-2033-4407-9667-7b157fe7faac,346416,1996-11-08,1996-12-31,resolved,0,d0604168-5be5-4cdf-bc0b-b21483cb4a2f,af6b89ea-8fbd-418a-9835-14d90f088dfb,
e663e2b8-a288-442d-8201-45f0aba4fd13,75849faf-f368-48e8-888f-169dd3bf3ed7,119534,1992-11-21,1993-01-02,resolved,1,3acf4f30-25d7-4f50-b86d-a2ab5df1569c,3b1a7b7d-5011-4ff2-bfc6-df6cbc1bcc1e,119534.0
e006700c-5f64-4ec5-8b47-22bfa7565903,83da0ca4-b2b1-4568-8ad1-5bdd48fb45f9,317722,1988-09-26,1988-11-05,resolved,0,af255086-e264-4a5f-85d8-f63acf16cc19,15c7879e-a68b-4ab8-a7ca-6162201bb22d,
1023005a-b9f1-4f06-a67f-66250221844b,be69e3eb-fd85-4f94-bae4-e7603a80d2dd,442235,1997-07-04,1997-07-14,resolved,1,652f563b-7dfb-4cb9-ac88-b039bce10f3d,af6b89ea-8fbd-418a-9835-14d90f088dfb,240099.0
3decbf13-7c10-4592-b6cc-8b72ff57f946,b9744460-2c87-4465-8ed0-7efa9c3eca32,247389,1999-06-08,1999-07-29,resolved,0,f5b8baa7-a495-40ed-b19c-3111f5f033cc,ae48d125-97d3-40e4-9081-639a02953ff2,
b1c4d9c3-5cfe-4123-8b5b-e1219869305a,bcf09f9d-4633-4760-88cb-d16c95f1857a,1458933,1998-05-22,1998-08-31,resolved,1,a5e217b0-6356-468a-9eee-05be143fce61,1fd87c9c-5355-4af5-8e16-55e530862d25,911232.0
912445ae-eb19-4b72-bd3c-acadf71cad6e,bf194e97-cc74-4a54-9718-f61de3ffe034,1735199,1981-08-04,1981-09-26,resolved,0,73088084-c916-42dd-8743-bcc18839678e,5e7b3d97-b49f-4b4c-8baf-db7ddfdc9181,
d8647f84-d995-4498-bafe-25c9722b1710,2c284e6a-3686-4121-9edb-5a10d61a8d34,444854,1996-06-19,1996-08-16,resolved,0,48669d9b-2890-45ff-8391-2f425d7dbd49,a626edc7-407f-4686-b907-8fefb33b0e75,
b436c0b0-afc6-48c6-a4c7-ee2a32934b4c,9d3f5791-4a9d-4272-9521-9c4b0d19cc90,249439,1985-05-30,1985-08-31,resolved,0,3b10bf49-2459-4f22-bf88-51ca2dee017c,ddd56f1b-3984-4bfc-830f-387e13fe9a9d,
85bfb36c-f6de-4d57-8bff-ca6fc273be59,5c22d3a4-65f9-4998-869b-dc8272dc2e08,133899,1985-06-01,1985-07-16,resolved,1,04cc1b40-bb60-48d4-a8e7-f4ec70e7ead8,56d9c0b8-32bc-4614-a480-945f1d7e7ca3,133899.0
e99e4d1a-7975-4adb-879b-7af2ae3be3b7,32f07ec9-b3a7-4eed-9815-ae23532498a1,325774,1985-11-12,1986-02-20,resolved,0,7ac80224-2c8c-41fe-9b2a-27a87524a54d,7fba53aa-1df2-46ec-9958-cf9cd030929a,
aa72dbb8-c138-49c1-843c-f6cdd65f4bb4,b1494b9c-072b-4184-b58a-be571f7a8580,431116,1996-11-29,1997-03-17,resolved,1,728fe1f6-2db7-4edb-97fc-0b05baddcee2,484e7e24-81bb-4334-86ab-f5f0dfd19390,283305.0
e323f4f8-8061-4634-86f8-81217a6ef49b,00593a48-18e2-44ae-81dd-422c672892cb,850336,1991-09-13,1991-11-22,resolved,0,5e225a5d-a9c8-4d30-9a9f-a495744ccbdd,dd177299-5ec4-4609-ba8e-606053619ac2,
1d05d83a-ebba-41e5-929e-49577a7d3eaa,b4b7ad6c-510f-46e9-9bf4-f41e1daa4cfd,100741,1992-01-08,1992-04-04,resolved,0,5a63caff-b401-4187-9307-0bc67b9fdfd5,35a00ecc-d3bb-4516-afad-2cb1af4408db,
dd0c2cc2-2186-4ac0-9fe7-9e602693574e,ee7429cd-4303-470b-9fdf-3e434cc9d0e9,372392,1992-07-09,1992-10-19,resolved,0,d3ef582f-cb8e-40ae-ad43-58dc66fdb6e0,55abd4cb-fe6d-4e61-b100-b3a5a414185d,
067ee9d2-c694-48bf-a2e6-c935859cf0b2,d5f24e81-8cfa-49d3-9bee-8320dad76215,484487,1991-11-24,1991-12-16,resolved,0,19e63a04-ab3a-40d9-a66c-497e158fe0f7,fe27e256-19c6-40c2-b166-397a2f26a6bb,
58e08b75-520f-42ee-882c-9efb60017f7d,8ed5424a-0fa0-4dd7-a6f5-cd0deff5f0c2,324690,1995-06-14,1995-09-11,resolved,0,fe200cab-c155-40c6-97c2-b71a78cc827d,484e7e24-81bb-4334-86ab-f5f0dfd19390,
42271cc4-a055-4493-a86b-3f569c3cc9e5,3ccbca9f-c260-4c8b-b40d-bd2451270e5d,2276853,1992-04-17,1992-08-02,resolved,1,fa775160-a679-4683-a9b0-714d5189a788,36733b32-9209-44dd-900c-f32f853083c1,2276853.0
5858ac82-1b83-498a-b5a1-5e2c33f37088,73432e08-039b-44b6-96d4-27b60f3f3b38,165557,1983-12-22,1984-03-03,resolved,0,03a6f367-08af-4d23-b31c-b804d36c5cb0,fbe97ed7-36a8-47c9-ad1f-0c4de7afe0e8,
16f0b58b-fd87-4a2f-85a2-c687e3e1c168,d3add6dd-29e1-4301-8562-146ebd17f320,1627472,1993-05-26,1993-08-02,resolved,0,85132446-03a3-45f3-b430-c0c0699904ed,efc20148-e2f0-4490-809e-f441e3dcf93c,
cc4c4721-d40f-48cf-a238-0561819e2596,59125c67-f5dc-4bac-bfca-a650b93bcb29,1937010,1994-06-19,1994-10-02,resolved,1,bcb452b6-7b64-498f-94af-c3bb639c8915,3b1a7b7d-5011-4ff2-bfc6-df6cbc1bcc1e,1937010.0
ed21dc19-ee7d-4582-8192-58f04e3b35ce,0692c885-7530-4a3c-8af8-d9fa00bd7ac1,629919,1988-09-29,1988-12-30,resolved,0,1463dd83-1c02-4626-8494-8a881ff0f083,0718bce3-9ab3-429d-9a29-78faac61fa34,
ce2554ed-9cf6-4af6-9f2e-0e202fc7b71b,faa1ffc4-7cca-47a1-b9a7-abf866efadc2,321730,1981-07-28,1981-09-15,resolved,0,05ff9b9a-eae8-46f8-9710-cc7849b38f2f,fbe97ed7-36a8-47c9-ad1f-0c4de7afe0e8,
b316de95-a99a-4a17-8928-72f090e42b7f,9bda5fa7-0bb9-477f-91e5-910330f2a11e,300754,1982-01-30,1982-04-18,resolved,0,c00eefa1-2dfd-404e-848a-f8384f3fcbf8,b3d2e33e-07d6-4eba-8efd-f8d275996a65,
c08281e6-2ed4-4e9a-9e92-68e7c070766c,321f93fd-e5d3-4aae-8fc1-6823943b690e,650799,1986-01-26,1986-04-11,resolved,1,2cc1473b-a292-4819-a6d9-57e4ca81208d,d5d99929-2bc4-4c2f-96a4-515dd151d495,407122.0
aac5afaf-57a1-4602-adf2-2dd0c0584230,3aa3b683-12b5-49a8-ac1f-ea20b7fdf541,198787,1992-02-20,1992-05-07,resolved,0,578ebd1f-33f6-4631-b025-f307c115cede,93cc82a6-92e9-41b5-98cf-4e04594e0bff,
b7471063-506b-4e06-9c80-666f15532c80,c6a04c54-bedd-43b7-b2d7-689b323997f5,254792,1998-02-11,1998-05-10,resolved,1,e8c34b09-ec45-47d2-9796-5c74f4224158,5c469dd2-e1ca-481e-8851-18a64f98bfb1,146907.0
dee02c7d-53dd-4d6b-a2f7-f3a4f6ed96c8,a10bd055-793e-494d-9297-273c5ec6c663,2417245,1994-06-05,1994-07-22,resolved,0,afeda923-672a-459a-b818-89e08c7416ce,cafd1ef5-6ecb-4213-91e4-1352543d08b2,
1617294f-f8e1-4358-befe-3d1e1f29313c,f39a15d7-e4d2-45b9-ad1e-0f13ed5cf4fb,425479,1988-04-19,1988-06-13,resolved,0,931ffefb-ee23-47f3-b306-519ad6d3f810,b3d2e33e-07d6-4eba-8efd-f8d275996a65,
76c1dbf2-9ef8-4e86-bbdc-384d6bc2549b,a462ebce-be3d-4880-95df-52ba152c1f47,545854,1998-03-30,1998-04-26,resolved,1,eebaf9c2-0e77-41e5-be42-f00a33337848,200a0906-18ba-4139-b0e1-3679c98a78ce,392492.0
8c439c03-2ad9-4b76-a613-e9ebefd1432a,85c0bb26-2271-4c13-9c3f-f94c829e9528,510477,1980-04-20,1980-05-24,resolved,0,3437bb3b-cd62-43cb-af21-e2608fd1ed43,af6b89ea-8fbd-418a-9835-14d90f088dfb,
2f1f5d94-a3df-40e6-be5a-81f241715079,efdcce29-00d0-4abb-a0f1-a57095b568a8,1729409,1985-04-13,1985-05-27,resolved,1,b0e191ad-e02a-40fe-83e7-7959b87f0cba,4485f07e-2b69-487e-bef8-0695c8896a95,1729409.0
61b18ddd-6620-473d-846e-75425d300bb4,88c74ef4-2cf3-4d0a-af4c-614b731d5eef,627168,1999-03-13,1999-06-01,resolved,1,4d4b74bd-3376-4db4-bad2-352f8b7d0b6a,3b1a7b7d-5011-4ff2-bfc6-df6cbc1bcc1e,623091.0
eb656713-0aa4-4f87-8d69-bc45d0c0688b,7652a084-2e17-4f37-90f6-6bb6ba31cd60,622916,1999-05-08,1999-08-26,resolved,1,fdab3aea-b09c-448c-aadc-8c32ba82762d,dab7ec59-0375-4672-8519-7d9c8cd491ab,438131.0
79fc00ec-1483-4e7b-ab00-c3df273028c8,9221ca84-0701-4a1b-886a-0ae328d892dd,203216,1983-11-25,1983-12-19,resolved,1,5a04254a-8dd0-44de-92f4-05a6274237ba,c0383f81-c920-4eac-a9a0-b5a2e8a2ebe9,203216.0
aed91ea6-2fce-4b7d-8321-e762581bf55c,0ab5341f-bdb2-4fda-a97b-04d993bc9ba0,117777,1998-05-01,1998-06-07,resolved,0,86fd1e35-d102-4c03-a759-6234221cef36,0718bce3-9ab3-429d-9a29-78faac61fa34,
d75b0882-4043-4815-bb6b-91cd87941b82,bc1a8116-7f7e-40ab-a3a5-f2987625cd93,184857,1981-10-09,1981-11-09,resolved,0,e2418946-bad3-48fa-a944-a18f1b14e36e,c1ec8269-b224-43eb-b487-72019e36c582,
f5ddb380-b17e-44e2-8019-ce75618540d6,0e18af3d-7dcb-41b1-9cf9-98c66ef24762,236262,1994-06-02,1994-08-13,resolved,1,2748380b-1d47-431d-b4ed-72d05e7d4856,18b20b2e-5d36-49de-ae05-483279eb0300,236262.0
2ddeb117-7bc9-4197-a4ce-5c986bb05657,3f27fd84-5d7c-4130-b342-ccba61bfaaf5,3515720,1998-05-30,1998-06-27,resolved,1,927701c9-7ddb-48d5-b5a6-ac6f3a2a97e3,f3a971b0-bbac-43de-9318-533c9785dc29,2653268.0
4301a18f-4e0b-4dfd-ae28-9f49e6339da9,a73f6ecd-ea2f-409c-8f46-3c794199b0af,1523169,1988-09-05,1988-11-28,resolved,0,5f10d462-62ff-4380-9d6a-4ed903a70594,3b1a7b7d-5011-4ff2-bfc6-df6cbc1bcc1e,
7c3db10b-0a6b-43de-b8a2-19540fd80d75,9a6464a3-4b73-493d-a05b-a5ba349aa01c,1742008,1991-08-24,1991-10-13,resolved,1,5ed5fc76-49c0-4439-b3b9-fee6bb9385b9,d6be7cf3-1877-403f-a378-22270dc124f8,1742008.0
86f3c8f1-0340-4b97-b09b-098cb63ebc0b,c084d5eb-8b53-409e-a251-592e3c23fb06,1921139,1990-06-16,1990-09-19,resolved,0,5f10d462-62ff-4380-9d6a-4ed903a70594,3b1a7b7d-5011-4ff2-bfc6-df6cbc1bcc1e,
1098dc1b-d702-4569-bee8-cd8a3474f5c4,bbdd5d49-a8b5-47ac-a83c-8225d4354baa,195945,1986-04-23,1986-05-16,resolved,1,b546c89a-5837-405c-a593-364c192b87c6,aa7363dd-7101-4602-a41e-6ce0ade56730,122622.0
41ab0bf2-4fc4-4b70-9127-455ad010114a,c6879058-43f1-4976-9469-bcbdfbb4cb9d,383000,1997-07-30,1997-09-01,resolved,0,b9069ca4-4c72-47a3-b01f-fae876cf3402,66e9a6e6-4b5d-44d9-9713-e11523484a33,
9eee3473-ab34-4f22-a039-f5215ca6c634,3e74303e-0931-46a1-ba8c-4c4fed2f3b8e,297811,1996-09-14,1997-01-04,resolved,0,d77c8985-0575-402d-b2b2-a1e4ec7997d3,a626edc7-407f-4686-b907-8fefb33b0e75,
243c6e1b-1c96-4773-80c3-d85490137969,8d5c90fa-4fb3-4ae7-967b-7b11aec56d3e,365548,1996-04-11,1996-06-13,resolved,0,86c6fd4e-4a30-4b6f-bdca-7afaedacc465,93cc82a6-92e9-41b5-98cf-4e04594e0bff,
a0f8570f-2fac-4019-bac2-754a0d7f6f5e,296670cf-bd93-4730-ac41-27392f008cee,1588467,1993-11-13,1993-12-30,resolved,1,401a399a-e04b-43b5-9c61-37b9126fc318,5e7b3d97-b49f-4b4c-8baf-db7ddfdc9181,1588467.0
243694dc-223e-4310-9062-0778063a0660,462749ed-9f4d-45f1-bc06-0e72148b2667,297944,1987-06-30,1987-09-14,resolved,0,5c71b90f-7dff-4277-85d3-6552c66e6115,7f1e5b75-1e6d-4587-b42c-02622878fc79,
7403840f-8fb5-43ac-8c88-401a1bbeced3,7c0a409a-f705-4718-b2a6-6e8dc53d3ab4,165307,1990-09-06,1990-12-22,resolved,1,6d48c39b-edb2-4437-9d8f-28b40de16018,80610782-2024-4bc0-aabc-d1125089d710,85271.0
0e18a3f3-3652-4b66-a5da-6cc26a01538e,f3ebe84b-f724-40cd-b72f-ca26da985467,102629,1988-06-23,1988-08-18,resolved,0,e966f4c6-5172-4d66-b032-be990865c9e3,4ad67f42-5e57-45ed-9d54-9dca65a66256,
74bb125a-d17f-4d84-9dc1-6075ea7c9577,a40a9cb5-f32d-42fc-8d71-df565eede49c,1897767,1987-05-07,1987-08-17,resolved,0,4663846b-718d-4fa8-af91-d97c81944c81,3b4f7bbb-c55b-4525-8598-b227fc25b50f,
950c30ab-a18f-44eb-8ef6-a5e279738cc4,319f911e-5876-4cee-899e-8cd04786aa12,273129,1990-10-03,1990-11-01,resolved,0,fcc00808-1cec-4db9-a716-dd85a70282f5,18b20b2e-5d36-49de-ae05-483279eb0300,
124b540b-bbe5-4e5a-a842-6ec81fe40516,64cc1f48-2215-4f61-a177-f608d116fcfa,284107,1986-04-27,1986-07-27,resolved,1,47f1155f-217e-416a-9d96-c40b9d1c4a08,c0383f81-c920-4eac-a9a0-b5a2e8a2ebe9,260859.0
d2a12596-00ab-40d7-860c-b4ba900bd2f8,57f9f4b8-4e60-42cf-b0a7-43a2fd00ed36,405499,1995-09-04,1995-11-01,resolved,0,d19ba264-d615-4d13-a2f8-c48ac05c5a7a,fe27e256-19c6-40c2-b166-397a2f26a6bb,
93e73b8a-fb92-4030-87f1-012d60076d6c,bfc6d4b3-858c-492c-adc7-cacdb22e07ff,788567,1989-02-17,1989-06-04,resolved,1,c5091f6a-d190-4598-89f5-7c6a7047e738,aa7363dd-7101-4602-a41e-6ce0ade56730,788567.0
1794e169-2b6d-470a-8415-e9b60169553e,e7c7eb65-a2cb-41a1-82cc-47856f9492a9,2516610,1992-12-03,1993-03-25,resolved,1,3f9f723e-815b-4923-abc0-d234c93f46bd,0d1ff438-02b8-40f7-8e4e-d7b87ccf832e,1526340.0
2dc0cc40-53eb-452c-a372-a64218f33376,b9f53aab-84e7-4ce9-8639-744a04b62c7d,269945,1995-06-09,1995-09-23,resolved,1,74502c1f-6838-4e23-884c-746e16dea800,ed896c5e-0f16-49db-80f6-df5b54bd5677,269945.0
61bfd305-6c4b-466d-af9b-e8e89b07983b,3f55be18-fb0e-47e6-bfe9-64c9fc05f72d,446420,1994-07-25,1994-11-09,resolved,1,4d336cb6-99fb-4afe-858a-2e75a7f49cc3,ae48d125-97d3-40e4-9081-639a02953ff2,369017.0
9ff6e7a9-6a92-489c-be0b-707fb61d1d41,71e63f20-39fa-4e61-b196-a673c284244f,479553,1991-11-13,1992-01-22,resolved,0,17458404-5e76-48e4-b29a-b9a3944539db,19e1139f-85f2-45ea-b3bd-f858e60356ad,
8ec6f9e2-e010-42a5-a522-2b83e8253413,28ae9854-aae2-4182-85a8-919689b399db,503164,1984-09-27,1985-01-15,resolved,0,5f4994ee-dbcd-4c29-bf73-0f4063166028,484e7e24-81bb-4334-86ab-f5f0dfd19390,
b8abcbb7-b109-4274-9113-f6748b7cb1aa,1f356215-2dac-4ed5-bd20-201b58ca5398,285080,1989-11-16,1990-03-11,resolved,0,fa9bf8d3-4d81-4a45-babc-4ed90d8f53b7,138bd468-b1e1-4e6a-8eb5-8907df0006f8,
0d968405-19aa-4f36-bfcb-6a14e32034cf,d8a9b1b9-3ff3-45b2-ba54-5f1c4ccb5cbe,4259801,1998-12-07,1999-01-24,resolved,1,9f2017f5-775b-46ed-8290-f62cdd2fd8f2,56d9c0b8-32bc-4614-a480-945f1d7e7ca3,2261607.0
3fb21ccd-005e-4dcd-a079-553bd7a4b09a,5c240a54-084d-4ae8-aa11-399da1e144f4,171839,1989-07-30,1989-08-17,resolved,0,0d1f4fc9-5b3c-4420-b5d0-8faa97f286fd,dcd05f24-fbff-4105-bcc0-5952d2370bca,
84271549-7475-4ca0-8495-2a25d06b77f1,fd5a0a15-0503-48f2-b110-35daf26d70df,530692,1982-01-27,1982-02-13,resolved,0,b2e7823c-fafd-43c3-9a69-be665c338ec7,1f1cbaa8-d4d6-4882-82ff-adb995a12daf,
09a5dbb8-10ba-4672-b286-5ebd86faddb6,fac9f99b-255a-4a5d-ab0f-41843d23592d,1956208,1985-06-28,1985-08-07,resolved,1,36f62804-90aa-4302-b2f8-c0a8f4d481b3,36733b32-9209-44dd-900c-f32f853083c1,1320772.0
32c6efa0-8359-4d1f-a31e-ca2ac6feea4a,84d42b2b-150b-48f9-a0db-665415bb87db,205176,1992-11-04,1993-01-19,resolved,0,ae14c936-a9b0-4ae1-9c2d-32e6d924070b,a626edc7-407f-4686-b907-8fefb33b0e75,
fca167db-4a0e-4ae3-8609-d5e0a381db2e,6301c22b-614c-48e0-99de-fe74b680e792,458756,1980-07-29,1980-09-11,resolved,0,dc04de15-a405-4898-983e-a85f5848d7e6,cafd1ef5-6ecb-4213-91e4-1352543d08b2,
d727b416-9706-427e-8633-dd396d70648c,24f57704-0fc7-4ed9-b434-23a174dd975d,615447,1996-12-27,1997-02-21,resolved,1,f4572bd5-cd13-4f7e-a710-a79a9552aa14,1f519073-7639-4665-89aa-89f2270cfbbb,595449.0
89dca9c5-7ad3-49a6-977a-0ca5a615fbd5,77d793b9-e9be-41cd-b12f-285821ee5dda,2458280,1999-12-19,,received,,e54de5ab-f6b4-47c3-aed4-dd1e10ff54de,40f3da6f-c765-4943-a44a-ed9c5246bf00,
45955133-f11c-402d-8e93-0a00b1458adc,8d418938-b1b6-4b96-83e5-ea3d6ab11b8b,674604,1994-06-22,1994-08-10,resolved,1,ba7aec8a-6061-4e87-94f4-bcd3bcaed038,853f0cf0-586e-476a-89ef-2905fdcba936,482844.0
a56b3096-dd28-4559-b08b-bcdd390e653b,bc6a7bda-ede6-40e2-96f5-23403fc1dba0,322530,1983-02-22,1983-05-06,resolved,0,e1513abe-4bc1-4687-bd55-350245f63a9f,db09daf4-7cd9-43e2-a780-0d1d90bdeb53,
15684ca3-8fb0-4736-a162-354278e2c252,8dd4a843-09db-46c4-95af-6667d180630c,344229,1997-01-30,1997-05-17,resolved,1,822af0c0-3a28-4e78-bf27-e61255159119,b8460d83-fc28-4984-8518-1d0e204016e6,236810.0
42fcf8a9-8a39-46bc-bc54-ac8a66474a8d,aa4dedef-b6d1-4223-800f-62e48389bb09,380950,1981-04-26,1981-06-01,resolved,1,59cd72d1-820b-42c9-9166-c1ad846c3682,a2146aed-bf3b-4c9e-8373-eed2cdb03c9e,380950.0
9c226dc8-09a4-4c40-bd72-f1022d40607e,f5493cc5-2207-4047-b080-854b1657ff5d,260235,1983-01-15,1983-02-17,resolved,0,9c8033a1-fad4-49b9-84be-adc3d30e70f1,864f4dd8-9309-4ef5-ab13-9e169c037b89,
fa605a54-bb54-4d89-b471-499e2dd22ce5,3ac5bfa4-1085-427e-9a24-658e08eae5e1,660751,1986-11-25,1987-02-10,resolved,1,b006d7d9-2bdf-461b-a9b4-be1916009c55,6932a68e-7012-4451-af19-132bfdae91d4,457338.0
7cef7fbe-b1a9-405c-828b-ee99233c2a6e,fb2e2575-aaf0-41b4-a4ab-9742592f3152,2642283,1999-08-11,1999-09-29,resolved,0,32a380a4-7d42-4745-9728-aab678583227,9751a463-9234-4d74-83c4-0494c0f6e799,
3c291994-fe76-4faf-a385-7bbbc4734fe7,cf941f8e-a4c8-457c-8241-dc23acb8db8c,254617,1986-05-03,1986-08-09,resolved,0,849d221b-3f70-45b2-9759-db1a9273b9aa,0d1ff438-02b8-40f7-8e4e-d7b87ccf832e,
5ef94086-9415-48d5-9224-6e12aa460605,00ba24a5-9814-4fd1-914b-c54adf112725,1149715,1984-08-14,1984-12-08,resolved,0,adcd1cf5-a2ae-4f0e-85cf-7d6ff0629f53,d7c9986a-d50b-4524-a7d3-0f27622b196e,
33907785-dfe7-4399-a6a7-3e6415722ceb,86b10bb6-9dd0-4350-95bf-72204cca3f00,3039018,1980-11-27,1981-01-02,resolved,0,030c9542-0e88-42ac-b090-6f070d45e948,a2146aed-bf3b-4c9e-8373-eed2cdb03c9e,
e2ca4622-14a2-43e9-82c2-d68c1539dc60,e246bb69-85f7-4965-a7b6-953b5e12ac35,306133,1993-04-01,1993-07-23,resolved,0,ae14c936-a9b0-4ae1-9c2d-32e6d924070b,a626edc7-407f-4686-b907-8fefb33b0e75,
19318d5b-6e8d-421d-9521-185647aed5a7,feca08bd-835c-476c-a6e6-4143955ee5d2,250648,1997-06-28,1997-09-01,resolved,1,2ff824e0-c167-4dd8-8c93-442af5da482d,416c720e-d453-4a9b-9353-fc6db0409039,250648.0
63a8cb66-be42-4ecb-9fb8-c6ef92f03618,47a5c99d-fb09-43fc-8f68-416a83435840,369511,1988-06-18,1988-08-14,resolved,1,7af487cd-d7e1-416d-82a5-6ae5bf138e0f,dd177299-5ec4-4609-ba8e-606053619ac2,185340.0
4a856e4b-2e29-420f-ae3c-538aaa578f30,c80a5fd8-ea52-40ca-b103-1fea96b3aadb,3937803,1985-01-18,1985-02-21,resolved,1,c6b5a3e8-97bf-4767-92f2-41971f167961,b3d2e33e-07d6-4eba-8efd-f8d275996a65,2052419.0
27877674-91db-492d-83f0-6101e218c368,36350a7b-3448-4b6f-8716-238f23f30d30,896475,1999-02-01,1999-02-22,resolved,1,01e2a1b3-b83a-4b44-b2c4-7f5902c5c107,51484db9-0110-4412-a055-60d8c4c218fb,896475.0
786dd180-5ed4-414f-bf6c-f10baf6130e7,143d755f-4a13-444c-ba77-2804f497e104,198803,1994-10-14,1994-11-25,resolved,0,cd5351e8-2e91-4895-8278-1f24046f1224,9590a506-061a-4698-a262-7687054f88f1,
27e3282c-c767-4c65-89ba-c3d8a882cc3d,0d59176f-9f90-4c77-a248-fa8b1258e3f6,1147392,1982-02-20,1982-03-12,resolved,0,5b87f959-f7c0-485b-9b36-e176733e364d,4485f07e-2b69-487e-bef8-0695c8896a95,
26651945-8fe0-4bca-afc4-e474d706d598,8a2ae2bd-67b1-4bf1-bee6-4a76b3f1bc09,179414,1993-10-27,1994-01-25,resolved,0,2e616b04-4b87-4336-a1f7-04dc16a52eb3,55abd4cb-fe6d-4e61-b100-b3a5a414185d,
4970dde7-3bdc-4603-be0d-637730fd3215,9b98678d-dd73-4c91-9386-43262c6c772f,355743,1982-12-26,1983-01-07,resolved,0,b3c7ce96-938a-4521-8f94-1a95f90f443f,1d1afa05-acd8-4a07-8463-5800b7c6be46,
69572458-0cb9-4fcd-ac60-24c5347625c3,8daf3697-2690-4c3a-86bb-f7decf0cdbd4,310195,1990-04-04,1990-04-27,resolved,0,8fe7571b-42c6-469f-adb4-5dcaeb718121,a2146aed-bf3b-4c9e-8373-eed2cdb03c9e,
1af7f081-61d7-459d-829b-eb66499d9fb0,ec1fc0a9-4039-4794-9bdc-d984cc638beb,436563,1990-07-28,1990-10-17,resolved,0,48cd8af0-b8c1-4b5b-a9d2-b88db07faabd,ae48d125-97d3-40e4-9081-639a02953ff2,
fc2a474f-b533-4479-99b3-e5e0bff97e74,e97661d6-f2de-49ed-bd4d-8f0075460a8d,4625677,1991-01-05,1991-02-20,resolved,0,7e111d99-cfd6-40d9-82dd-92cf7a094c54,35412f1a-d798-482e-9167-e06c18697176,
13688913-53a6-4e1f-a653-31cea3153851,b3f695b5-ef8d-495f-b775-4f2aa467cda0,153525,1984-03-14,1984-04-05,resolved,0,ddfb1fa6-b249-4f06-b3f1-ea36707aff8e,dcd05f24-fbff-4105-bcc0-5952d2370bca,
594f329c-cec9-4611-93f8-1e359d616085,5d097c36-a61a-4a30-bd89-821fbb499aad,2775786,1994-04-05,1994-05-04,resolved,0,27f623ad-7fd8-4c31-a350-284c1b71a1cc,67ac825b-ac9f-47c3-8079-56835057470a,
d7db7f2f-d912-43e2-a9e2-e8566026684e,2ba68a53-a586-47ce-87ce-80450206b398,339784,1997-06-01,1997-08-19,resolved,1,12779e25-de7a-4471-83ef-e8c6e8af4fcb,93cc82a6-92e9-41b5-98cf-4e04594e0bff,289947.0
56107784-682e-4640-83db-d45868595780,e2020ce8-38ba-4508-9456-d93818e268fe,174572,1992-11-28,1993-03-12,resolved,1,9089514d-4e8b-4ab1-8ec3-48e66a593f16,b7abf06a-f6d6-414b-8919-f024cbfbbe16,114234.0
9cfe4605-4c9d-4505-9cf6-c24615a655f8,54efc675-9558-4c64-83e8-601992d6e8ac,392917,1999-08-11,1999-10-08,resolved,0,40ed86e5-197c-4783-bf95-fb4aeee0de92,0cae7499-1ec2-408d-a81e-7510023798b5,
c6f842ea-6769-4e72-bdc4-f797b62756ac,055c560e-a0a1-4c0a-8141-53f69c9c59d0,725110,1998-09-19,1998-12-03,resolved,0,288635aa-35a7-4f42-91af-ce8a6d6de6bf,db09daf4-7cd9-43e2-a780-0d1d90bdeb53,
43eecf89-2002-4d99-9a08-5b41a5c65563,1ad3db92-257e-4dba-a249-be00638567f5,1245372,1984-04-04,1984-06-13,resolved,0,e3a6ea04-d70f-41ce-8871-b6c72d558651,18b20b2e-5d36-49de-ae05-483279eb0300,
4e35b03c-9f45-45d9-b993-9d44e2eb536f,c0aab558-1101-4235-810e-b22909c3d8db,219311,1991-12-12,1992-02-09,resolved,1,ab94fa9d-85f2-417b-b8f3-172cdf3f97d9,cafd1ef5-6ecb-4213-91e4-1352543d08b2,219311.0
84139a86-e1d2-486c-8d22-dbf9d03fa18f,c3c20f51-8efe-4b10-8336-eea7459565a9,346784,1992-11-06,1992-11-25,resolved,1,6447ca2f-1850-4743-9c1a-d617ebffc72c,f8305a56-6d15-47db-873e-337d37018cf6,346784.0
aa52ee9c-588e-4c4b-b3ff-00bb44ca6ad5,a240fcf5-fd4d-461d-b45b-a12f46a2e085,367837,1998-09-03,1998-10-12,resolved,1,49106d8b-48f0-40fa-b436-5947da87415a,e66266f5-feaf-4b1b-aec5-8208366e6167,367837.0
425000c2-c650-4960-8627-f9a6be3733b1,76b7ce23-5cd5-4614-8967-a49acca2a642,714572,1992-11-28,1992-12-09,resolved,1,b564d8f4-dfa2-462e-a926-63aac973f7b3,51484db9-0110-4412-a055-60d8c4c218fb,714572.0
c64e6471-afee-41fe-8e30-bb854944cccf,bd6e9706-11fe-457f-ab4e-c9c0ddfda2b8,1279212,1996-05-03,1996-06-26,resolved,0,87c1f176-3bed-426b-abca-87bbfcff11c9,db09daf4-7cd9-43e2-a780-0d1d90bdeb53,
7efd5a04-67a8-42fe-ba78-ea611a7286e2,8294c018-25bf-4a7f-b447-f83fb3b91fd3,1036817,1998-07-24,1998-08-26,resolved,1,1e19b046-ba28-4c3a-9f3e-e60aa2634702,ddd56f1b-3984-4bfc-830f-387e13fe9a9d,668257.0
0fb3de50-b760-4276-8298-4e74bc65a311,f0601c9c-ab85-427f-b577-ac89f45dabd3,288796,1999-07-24,1999-10-08,resolved,1,49c1f58c-e14b-43fb-9dd5-b1bbd545be81,f0aa0513-4c33-4010-a956-70bf4152a8fe,288796.0
7b868fea-cb9f-4a3d-8dfd-b17aba5faa4e,f95a2770-425c-45b8-a761-cdb0318b27b0,324558,1991-11-29,1992-01-27,resolved,0,09e343a1-b9a4-48cf-9c52-94a6f56a4ff3,80610782-2024-4bc0-aabc-d1125089d710,
742bec0b-ebeb-44ff-9e26-64c637b4b20a,77b31fed-9afa-487c-ae42-ef6fad09716c,2819294,1995-05-28,1995-06-26,resolved,1,a263220f-4ef3-435c-9079-c383777919f5,003acd9c-a079-47c6-9821-2e1b369ea624,2339812.0
e083e55b-2c2f-4e2f-896f-03fc0839d193,9afcc937-c694-4884-bb10-bb964377b6f3,308420,1992-03-07,1992-05-28,resolved,1,1eeab422-a21b-4886-a952-d315245652e1,416c720e-d453-4a9b-9353-fc6db0409039,199287.0
3636f2ce-381c-4e07-ad2a-6f3b86327ce3,cd3765ac-02d8-4209-ba03-aa4112ce4448,412037,1992-03-29,1992-06-20,resolved,1,35b0f4a0-b065-4eb8-8cf1-a4850383eadc,c0383f81-c920-4eac-a9a0-b5a2e8a2ebe9,296707.0
0a8d901f-4226-4eca-8bb3-ed923c699cc7,911cd369-331f-4a5a-92aa-a9048c5dfc47,755410,1993-03-16,1993-07-11,resolved,1,ab8b3c9f-3a04-43be-8500-850daea1f99c,4bc053a9-d896-49da-9862-054102e933ec,535402.0
265637c8-a0d0-4b81-8779-dc7ccbf0c46a,1e3dd567-c6e2-4b00-8256-28c96bfffa97,515576,1989-08-07,1989-09-29,resolved,1,37534b96-9a73-45fb-8c04-ca4cf67f945b,003acd9c-a079-47c6-9821-2e1b369ea624,515576.0
c977097c-592b-4d1e-aed0-e9f4645031a7,347b19ae-9ee6-4c47-ae82-dd6d07c3a523,4097522,1990-02-27,1990-03-30,resolved,0,e92d077f-cd83-46e4-b71f-11beddf6668c,ed896c5e-0f16-49db-80f6-df5b54bd5677,
d4653b7c-3e07-4a44-8e44-e7856fbe50d8,2d34e4be-4d2f-4ab1-9ac6-af2d3056ce33,140254,1988-11-29,1989-03-05,resolved,1,87d7d447-0f22-4774-9b6d-e202af26d9e4,67d825a1-93b2-497d-b67b-fa3730672f5c,121724.0
b17b9042-48d5-453f-aed5-80100edb7303,62def5c2-9fb3-47df-b9a5-0a92b363a1a1,1785571,1993-05-17,1993-07-03,resolved,1,dd052de1-0b6e-4f3c-8b0a-b19d01e562f8,d6cdbd0f-d04c-4b1a-992f-4c4877260cc9,1645659.0
be447ab2-5f16-499f-ac0a-3b75857142ff,e2066a4b-7b1d-4f84-8ca0-9e8973ef0879,398343,1994-05-02,1994-07-01,resolved,1,093dd835-662a-4512-9e21-7709bee0c6ac,67ac825b-ac9f-47c3-8079-56835057470a,348718.0
6a657a41-0685-4cb4-9d54-deb85094d2da,161daa0a-072b-4c9d-9b4c-7cd254796261,349236,1984-05-29,1984-06-25,resolved,1,00c19b24-f483-461b-99f1-90c0372e5a78,1d1afa05-acd8-4a07-8463-5800b7c6be46,211808.0
a4ff038d-cea7-4f00-89fa-5a4b08e0259f,536ca247-9ade-49ac-99e6-b782b53c09d3,842060,1983-11-15,1984-01-26,resolved,1,1789fc0d-b17e-4c27-8d87-6c702a437438,fe27e256-19c6-40c2-b166-397a2f26a6bb,842060.0
4bf484be-4b0c-4bf6-a407-5f227238d731,50397faa-5160-4b26-af09-8b491b31a386,3189982,1992-10-19,1992-12-06,resolved,1,adc82a43-0262-42e9-9735-63ecf9a3403e,7fba53aa-1df2-46ec-9958-cf9cd030929a,1988912.0
f74184d0-ef39-4022-931c-f37a393c8f65,8637a174-7b2e-475d-9a56-3342d7754d74,2578971,1981-01-03,1981-02-02,resolved,0,d425f4e6-e9dd-4f7c-97ee-f46e2d445be9,1fd87c9c-5355-4af5-8e16-55e530862d25,
af008d9f-2bfb-48e7-a0f0-c0ab963faa3d,5c13e2e1-6acd-4185-a97b-314957303de6,240381,1986-03-15,1986-05-23,resolved,0,c5eab2d6-7ddf-44dd-bd4c-b930427eac68,a41840b4-c29b-4b6d-b681-6eb6eb6a3bf7,
06adb524-4639-4a7e-90dd-097830b0f77f,69a1ade8-1004-4e28-8331-b9651bf118c3,163782,1999-01-20,1999-02-06,resolved,1,61a4442d-e062-4a05-a961-dfeedb3dd429,b7abf06a-f6d6-414b-8919-f024cbfbbe16,163782.0
ded2372c-8c01-421c-b269-454821ade02a,203c3add-e91a-453a-b1e1-898a19690938,258233,1994-02-02,1994-03-27,resolved,1,6932c071-c3a3-4450-b70a-acf814bdbbf2,1000e114-8c7f-40ce-84a6-9f8cb7a655aa,258233.0
67630a1e-4efd-42cd-97c2-89ff660adc6a,418b3c58-1fca-4bd4-9a53-8dfdccc87ec2,708534,1998-04-01,1998-06-20,resolved,1,057e40b5-cea2-478a-895a-b28d500bd3b6,af6b89ea-8fbd-418a-9835-14d90f088dfb,708534.0
4c4b40c7-f81b-4e3b-b979-3625ea3a17bb,ec1397f0-8c6d-4244-bfa8-40657039ed25,330807,1996-10-01,1996-10-28,resolved,0,9d3219da-6786-48bc-9eef-b7abc543a95c,7ee86a34-5f06-4dbb-b1a5-d79d34b14593,
b07daf04-2975-4192-b602-9f94f60a7a3c,97a5577c-88dc-4656-93da-86c68ed571ce,2593039,1989-03-04,1989-03-31,resolved,0,ee436d90-d1ce-4685-b035-71295bb90dfb,b8460d83-fc28-4984-8518-1d0e204016e6,
eac83d82-90b7-4e76-821d-a0edeafb0e5b,b84c9d4e-855b-47c2-b5a0-bb9eb88eff43,1499093,1999-07-15,1999-08-05,resolved,1,23ef6aff-3d99-43c2-aeed-4b7751ea8089,9751a463-9234-4d74-83c4-0494c0f6e799,1499093.0
8055799a-17cd-4c36-9dcf-0b1c564dfff3,525d48a7-6be7-471d-9cb5-d472589d4a65,397809,1997-01-03,1997-01-23,resolved,0,79333628-10d4-4a9e-b0f4-7a5ddcdf637b,a626edc7-407f-4686-b907-8fefb33b0e75,
43be90f2-1fe4-4f29-b431-9045c2c62e0a,ccc24106-4530-4d13-b5cb-366e5ea24fe8,181087,1991-01-11,1991-04-27,resolved,0,7dad707f-3ff4-4513-8ffb-a2193623d0c8,fbe97ed7-36a8-47c9-ad1f-0c4de7afe0e8,
e717b1ea-bcac-483c-8f44-8c5f0d597b9f,7facc891-e7aa-4dd5-a67f-966863f8dfa7,185292,1995-03-13,1995-05-10,resolved,0,f2b05da4-6152-443e-83c9-1991a6ebc76f,29c0bd73-02de-41b4-8872-59455dafddcf,
fbcc5a2c-0526-40d7-945a-afcb0c809813,46a33a63-b52e-4262-a65f-8ec3987124b2,328509,1986-08-09,1986-09-30,resolved,0,3c2215db-1c5a-401d-a857-e2d46e208ede,f0aa0513-4c33-4010-a956-70bf4152a8fe,
e9c6173e-7821-4975-9c1b-c88163d5218e,8d5285c5-0dda-482f-a723-b6201091af2f,1552252,1985-12-06,1986-02-11,resolved,0,0f7a4881-aab8-42ef-b746-aea1669b3085,3b4f7bbb-c55b-4525-8598-b227fc25b50f,
6f0b8fe5-a38f-4a97-aac0-feb8d6790e35,f1774626-a40b-4cc5-bc4f-493302940713,3650366,1995-09-14,1995-12-04,resolved,0,ea845bbb-da45-4b31-9d4c-1bdeac43d976,67d825a1-93b2-497d-b67b-fa3730672f5c,
47f5ba03-06e3-45ad-a040-8bd2cbcd2b9c,889abfb0-c2bb-476e-8d05-a226f829ff1e,775146,1981-02-15,1981-06-12,resolved,0,4d0b27b2-e2a5-4ddb-8c56-bcca41d26a85,15c7879e-a68b-4ab8-a7ca-6162201bb22d,
de510b19-6f11-4c8d-b554-8522e7ed8c82,496ef85c-7ef7-41ee-b36e-ca3f69d604cb,2610017,1996-06-01,1996-08-25,resolved,0,8604c0bf-266b-4b80-aea6-8ffaaddbf4a0,d5d99929-2bc4-4c2f-96a4-515dd151d495,
6ad12d46-688d-41a5-9213-15328449f40e,44d363d3-8cdf-4f3b-b222-6819ff50775c,204641,1985-07-14,1985-09-28,resolved,0,7ac80224-2c8c-41fe-9b2a-27a87524a54d,7fba53aa-1df2-46ec-9958-cf9cd030929a,
88f01ab4-6034-404c-873a-a4dab0f9abcb,3ebc52da-20fd-4aea-9311-034cc5ba1c0f,562636,1981-03-12,1981-06-16,resolved,0,a5c0159c-1cb3-488c-ac80-9590a70b2104,5258c6f2-1400-418e-82c4-3d9cee0a161d,
5039a90f-eb03-4c55-b8db-b657d254f432,d52537c0-b9ff-446d-b2f2-59e6c2ded41a,1098465,1992-03-25,1992-06-29,resolved,0,ce439377-2b43-445c-9fdf-b64a42b22ed3,853f0cf0-586e-476a-89ef-2905fdcba936,
9f756322-19ae-497b-a7f6-b2109ae91bf1,0dc4ff06-9dc8-41c6-ac1e-5de53a5123c5,489533,1998-02-23,1998-03-17,resolved,1,bdbbe1da-5597-4ac1-b49a-7eed4e22e117,3b1a7b7d-5011-4ff2-bfc6-df6cbc1bcc1e,291625.0
